-- Insert queries for EMPLOYEE table
INSERT INTO EMPLOYEE (employee_id, emp_name, emp_phone, grade) VALUES ('E9274', 'Tim Berners-Lee', 442890469927.0, 'Trainee');
INSERT INTO EMPLOYEE (employee_id, emp_name, emp_phone, grade) VALUES ('E1037', 'Edgar F. Codd', 7882751331.0, 'Mechanic');
INSERT INTO EMPLOYEE (employee_id, emp_name, emp_phone, grade) VALUES ('E7291', 'Tony Hoare', 44717689275.0, 'Apprentice');
INSERT INTO EMPLOYEE (employee_id, emp_name, emp_phone, grade) VALUES ('E4470', 'Ada Lovelace', 7811304671.0, 'Mechanic');
INSERT INTO EMPLOYEE (employee_id, emp_name, emp_phone, grade) VALUES ('E2045', 'Grace Hopper', 447880496206.0, 'Apprentice');
INSERT INTO EMPLOYEE (employee_id, emp_name, emp_phone, grade) VALUES ('E0392', 'Edsger Dijkstra', 7751839368.0, 'Senior Mechanic');
INSERT INTO EMPLOYEE (employee_id, emp_name, emp_phone, grade) VALUES ('E2648', 'Alan Turing', 2890568482.0, 'Apprentice');


-- Insert queries for CUSTOMER table
INSERT INTO CUSTOMER (customer_id, cust_name, cust_email, cust_phoneno) VALUES ('D13-101', 'Bette Davis', 'bette.davis@ulster.ac.uk', 41728003.0);
INSERT INTO CUSTOMER (customer_id, cust_name, cust_email, cust_phoneno) VALUES ('D13-203', 'Cary Grant', 'bigcary@yahoo.com', 44417654321.0);
INSERT INTO CUSTOMER (customer_id, cust_name, cust_email, cust_phoneno) VALUES ('D13-42 ', 'Humphrey Bogart', 'bogieh@gmail.com', 7782751839.0);
INSERT INTO CUSTOMER (customer_id, cust_name, cust_email, cust_phoneno) VALUES ('D13-R93', 'John Wayne', NULL, 2890112233.0);
INSERT INTO CUSTOMER (customer_id, cust_name, cust_email, cust_phoneno) VALUES ('D14-38 ', 'Katharine Hepburn', 'kath_hep29@hotmail.com', NULL);
INSERT INTO CUSTOMER (customer_id, cust_name, cust_email, cust_phoneno) VALUES ('D17-022', 'Marilyn Monroe', 'marilyn@hotmail.com', 88487618356732.0);
INSERT INTO CUSTOMER (customer_id, cust_name, cust_email, cust_phoneno) VALUES ('D17-080', 'Orson Welles', 'welles.orson@ulster.ac.uk', 8998736126.0);
INSERT INTO CUSTOMER (customer_id, cust_name, cust_email, cust_phoneno) VALUES ('R180-05', 'Vivien Leigh', 'viv.leigh38@gmail.com', 2890289675.0);
INSERT INTO CUSTOMER (customer_id, cust_name, cust_email, cust_phoneno) VALUES ('D13-51 ', 'Ingrid Bergman', 'IngridB@hotmail.com', 66419887654.0);
INSERT INTO CUSTOMER (customer_id, cust_name, cust_email, cust_phoneno) VALUES ('D13-306', 'William Holden', 'billyho66@yahoo.com', 38198322843.0);
INSERT INTO CUSTOMER (customer_id, cust_name, cust_email, cust_phoneno) VALUES ('L231-12', 'Rita Hayworth', 'ritah99@outlook.com', 77709873980.0);
INSERT INTO CUSTOMER (customer_id, cust_name, cust_email, cust_phoneno) VALUES ('D13-R45', 'James Stewart', 'jimmy_stew@qub.ac.uk', 8770987654.0);
INSERT INTO CUSTOMER (customer_id, cust_name, cust_email, cust_phoneno) VALUES ('D14-025', 'James Dean', 'deenj@outlook.com', 447780276405.0);
INSERT INTO CUSTOMER (customer_id, cust_name, cust_email, cust_phoneno) VALUES ('D14-16 ', 'Rock Hudson', 'rockyh@hotmail.com', NULL);
INSERT INTO CUSTOMER (customer_id, cust_name, cust_email, cust_phoneno) VALUES ('D14-V17', 'Tony Curtis', 't.curtis@yahoo.com', NULL);
INSERT INTO CUSTOMER (customer_id, cust_name, cust_email, cust_phoneno) VALUES ('L231-47', 'Elvis Presley', 'elvisp@yahoo.com', NULL);
INSERT INTO CUSTOMER (customer_id, cust_name, cust_email, cust_phoneno) VALUES ('L231-05', 'Burt Lancaster', NULL, 447781904569.0);
INSERT INTO CUSTOMER (customer_id, cust_name, cust_email, cust_phoneno) VALUES ('D17-945', 'Frank Sinatra', NULL, 8870286004.0);
INSERT INTO CUSTOMER (customer_id, cust_name, cust_email, cust_phoneno) VALUES ('D17-043', 'Deborah Kerr', NULL, 2890672593.0);
INSERT INTO CUSTOMER (customer_id, cust_name, cust_email, cust_phoneno) VALUES ('R180-61', 'Elizabeth Taylor', NULL, 442891785397.0);
INSERT INTO CUSTOMER (customer_id, cust_name, cust_email, cust_phoneno) VALUES ('R180-32', 'Susan Hayward', 'susan.hayward@yahoo.com', NULL);
INSERT INTO CUSTOMER (customer_id, cust_name, cust_email, cust_phoneno) VALUES ('D17-R14', 'Lana Turner', 'lana.turner@yahoo.com', NULL);
INSERT INTO CUSTOMER (customer_id, cust_name, cust_email, cust_phoneno) VALUES ('L231-44', 'Omar Sharif', 'sharifo18@hotmail.com', 447880708090.0);
INSERT INTO CUSTOMER (customer_id, cust_name, cust_email, cust_phoneno) VALUES ('D14-37 ', 'Natalie Wood', 'nattiewood@outlook.com', NULL);
INSERT INTO CUSTOMER (customer_id, cust_name, cust_email, cust_phoneno) VALUES ('D14-V77', 'Doris Day', 'd.day67@hotmail.com', 4478779297611.0);
INSERT INTO CUSTOMER (customer_id, cust_name, cust_email, cust_phoneno) VALUES ('D13-R71', 'Sean Connery', 'connery.sean007@outlook.com', NULL);

-- Insert queries for CAR table
INSERT INTO CAR (registration, make, model, date_of_manufacture, customer_id) VALUES ('BJI 111', 'Vauxhall', 'Astra', '2016-07-02 00:00:00', 'D13-101');
INSERT INTO CAR (registration, make, model, date_of_manufacture, customer_id) VALUES ('AF56 WWJ', 'Volkswagen', 'Golf', '2014-05-25 00:00:00', 'D13-203');
INSERT INTO CAR (registration, make, model, date_of_manufacture, customer_id) VALUES ('LV59 OTP', 'Volkswagen', 'Polo', '2015-06-30 00:00:00', 'D13-42 ');
INSERT INTO CAR (registration, make, model, date_of_manufacture, customer_id) VALUES ('SEZ 5629', 'Skoda', 'Superb', '2009-11-26 00:00:00', 'D13-R93');
INSERT INTO CAR (registration, make, model, date_of_manufacture, customer_id) VALUES ('MEZ 8086', 'Subaru', 'Impreza', '2017-10-15 00:00:00', 'D14-38 ');
INSERT INTO CAR (registration, make, model, date_of_manufacture, customer_id) VALUES ('GRZ 6511', 'Subaru', 'Outback', '2018-04-01 00:00:00', 'D17-022');
INSERT INTO CAR (registration, make, model, date_of_manufacture, customer_id) VALUES ('DCZ 1844', 'Nissan', 'Qashqai Visia', '2008-03-13 00:00:00', 'D17-080');
INSERT INTO CAR (registration, make, model, date_of_manufacture, customer_id) VALUES ('VIM 8955', 'Skoda', 'Superb', '2016-10-14 00:00:00', 'R180-05');
INSERT INTO CAR (registration, make, model, date_of_manufacture, customer_id) VALUES ('OEZ 1872', 'Alfa Romeo', 'Alfasud', '2014-09-22 00:00:00', 'D13-101');
INSERT INTO CAR (registration, make, model, date_of_manufacture, customer_id) VALUES ('D268 YCF', 'Audi', 'A8 TFSI e', '2020-02-07 00:00:00', 'D13-51 ');
INSERT INTO CAR (registration, make, model, date_of_manufacture, customer_id) VALUES ('CJ16 WED', 'Vauxhall', 'Corsa-e', '2020-01-27 00:00:00', 'D13-306');
INSERT INTO CAR (registration, make, model, date_of_manufacture, customer_id) VALUES ('W85 TTF', 'Nissan', 'Micra', '2017-12-12 00:00:00', 'D17-022');
INSERT INTO CAR (registration, make, model, date_of_manufacture, customer_id) VALUES ('LLZ 9362', 'Volkswagen', 'Golf', '2018-08-30 00:00:00', 'D13-306');
INSERT INTO CAR (registration, make, model, date_of_manufacture, customer_id) VALUES ('WVG 673', 'Volvo', 'V90', '2019-12-13 00:00:00', 'D17-080');
INSERT INTO CAR (registration, make, model, date_of_manufacture, customer_id) VALUES ('R99 YRK', 'BMW', '6 Series Gran Coupe', '2019-11-04 00:00:00', 'L231-12');
INSERT INTO CAR (registration, make, model, date_of_manufacture, customer_id) VALUES ('T779 OLI', 'Ford', 'Fiesta 1.25 Zetec', '2016-03-16 00:00:00', 'D13-R45');
INSERT INTO CAR (registration, make, model, date_of_manufacture, customer_id) VALUES ('BEZ 8826', 'Toyota', 'Corolla', '2015-05-26 00:00:00', 'D13-51 ');
INSERT INTO CAR (registration, make, model, date_of_manufacture, customer_id) VALUES ('G5 T77', 'Dacia', 'Duster', '2017-09-19 00:00:00', 'D13-306');
INSERT INTO CAR (registration, make, model, date_of_manufacture, customer_id) VALUES ('STR 9378', 'Skoda', NULL, NULL, 'D14-025');
INSERT INTO CAR (registration, make, model, date_of_manufacture, customer_id) VALUES ('F6 Y886', 'Skoda', 'Superb', '2018-12-14 00:00:00', 'D14-16 ');
INSERT INTO CAR (registration, make, model, date_of_manufacture, customer_id) VALUES ('YR3 67', 'Vauxhall', 'Corsa-e', '2019-06-27 00:00:00', 'D14-V17');
INSERT INTO CAR (registration, make, model, date_of_manufacture, customer_id) VALUES ('DYR 87', 'Toyota', 'Corolla', '2016-03-26 00:00:00', 'L231-47');
INSERT INTO CAR (registration, make, model, date_of_manufacture, customer_id) VALUES ('SWT 9930', 'Dacia', 'Duster', '2018-02-15 00:00:00', 'L231-05');
INSERT INTO CAR (registration, make, model, date_of_manufacture, customer_id) VALUES ('D89 Y6', 'Alfa Romeo', 'Alfasud', '2016-09-02 00:00:00', 'D17-945');
INSERT INTO CAR (registration, make, model, date_of_manufacture, customer_id) VALUES ('Y4 T87', 'Subaru', 'Impreza', '2017-11-05 00:00:00', 'D17-043');
INSERT INTO CAR (registration, make, model, date_of_manufacture, customer_id) VALUES ('JEZ 7719', 'Dacia', NULL, NULL, 'R180-61');
INSERT INTO CAR (registration, make, model, date_of_manufacture, customer_id) VALUES ('MEW 783', 'Ford', 'Focus', '2017-09-19 00:00:00', 'R180-32');
INSERT INTO CAR (registration, make, model, date_of_manufacture, customer_id) VALUES ('JEA 991', 'Volvo', 'V70', '2018-10-13 00:00:00', 'D17-R14');
INSERT INTO CAR (registration, make, model, date_of_manufacture, customer_id) VALUES ('B56 Y34', 'Vauxhall', 'Astra', '2017-07-22 00:00:00', 'L231-44');
INSERT INTO CAR (registration, make, model, date_of_manufacture, customer_id) VALUES ('FET 6821', 'Nissan', 'Qashqai Visia', '2018-09-13 00:00:00', 'D14-37 ');
INSERT INTO CAR (registration, make, model, date_of_manufacture, customer_id) VALUES ('B82 T56', 'Skoda', 'Superb', '2017-10-19 00:00:00', 'D14-V77');
INSERT INTO CAR (registration, make, model, date_of_manufacture, customer_id) VALUES ('CEZ 563', 'Volkswagen', 'Golf', NULL, 'D13-R71');

-- Insert queries for SERVICE table
INSERT INTO SERVICE (service_id, registration, time_spent, dropoff_date, dropoff_time, work_required, next_service) VALUES ('S2006-101 ', 'BJI 111', '03:15:00', '2020-06-17 00:00:00', '08:30:00', 'MOT check-up', '2021-06-21 00:00:00');
INSERT INTO SERVICE (service_id, registration, time_spent, dropoff_date, dropoff_time, work_required, next_service) VALUES ('S2006-101 ', 'BJI 111', '00:45:00', '2020-06-17 00:00:00', '08:30:00', 'MOT check-up', '2021-06-21 00:00:00');
INSERT INTO SERVICE (service_id, registration, time_spent, dropoff_date, dropoff_time, work_required, next_service) VALUES ('S2006-102 ', 'AF56 WWJ', '04:00:00', '2020-06-17 00:00:00', '14:30:00', 'MOT check-up', '2021-06-20 00:00:00');
INSERT INTO SERVICE (service_id, registration, time_spent, dropoff_date, dropoff_time, work_required, next_service) VALUES ('S2006-102 ', 'AF56 WWJ', '00:30:00', '2020-06-17 00:00:00', '14:30:00', 'MOT check-up', '2021-06-20 00:00:00');
INSERT INTO SERVICE (service_id, registration, time_spent, dropoff_date, dropoff_time, work_required, next_service) VALUES ('S2006-103 ', 'LV59 OTP', '03:30:00', '2020-06-17 00:00:00', '08:00:00', 'Other - Wheel bearing - front passengers side', '2021-06-18 00:00:00');
INSERT INTO SERVICE (service_id, registration, time_spent, dropoff_date, dropoff_time, work_required, next_service) VALUES ('S2006-103 ', 'LV59 OTP', '06:20:00', '2020-06-17 00:00:00', '08:00:00', 'Other - Wheel bearing - front passengers side', '2021-06-18 00:00:00');
INSERT INTO SERVICE (service_id, registration, time_spent, dropoff_date, dropoff_time, work_required, next_service) VALUES ('S2006-103 ', 'LV59 OTP', '01:10:00', '2020-06-17 00:00:00', '08:00:00', 'Other - Wheel bearing - front passengers side', '2021-06-18 00:00:00');
INSERT INTO SERVICE (service_id, registration, time_spent, dropoff_date, dropoff_time, work_required, next_service) VALUES ('S2006-104 ', 'SEZ 5629', '02:25:00', '2020-06-17 00:00:00', '07:30:00', 'Other - Not going into third gear. All other gears are okay.', '2021-06-21 00:00:00');
INSERT INTO SERVICE (service_id, registration, time_spent, dropoff_date, dropoff_time, work_required, next_service) VALUES ('S2006-104 ', 'SEZ 5629', '09:25:00', '2020-06-17 00:00:00', '07:30:00', 'Other - Not going into third gear. All other gears are okay.', '2021-06-21 00:00:00');
INSERT INTO SERVICE (service_id, registration, time_spent, dropoff_date, dropoff_time, work_required, next_service) VALUES ('S2006-104 ', 'SEZ 5629', '05:15:00', '2020-06-17 00:00:00', '07:30:00', 'Other - Not going into third gear. All other gears are okay.', '2021-06-21 00:00:00');
INSERT INTO SERVICE (service_id, registration, time_spent, dropoff_date, dropoff_time, work_required, next_service) VALUES ('S2006-105 ', 'MEZ 8086', '04:20:00', '2020-06-17 00:00:00', '08:15:00', 'Annual service', '2021-06-19 00:00:00');
INSERT INTO SERVICE (service_id, registration, time_spent, dropoff_date, dropoff_time, work_required, next_service) VALUES ('S2006-105 ', 'MEZ 8086', '01:00:00', '2020-06-17 00:00:00', '08:15:00', 'Annual service', '2021-06-19 00:00:00');
INSERT INTO SERVICE (service_id, registration, time_spent, dropoff_date, dropoff_time, work_required, next_service) VALUES ('S2006-106 ', 'GRZ 6511', '05:20:00', '2020-06-18 00:00:00', '16:30:00', 'Other - Rattle in the front suspension', '2021-06-21 00:00:00');
INSERT INTO SERVICE (service_id, registration, time_spent, dropoff_date, dropoff_time, work_required, next_service) VALUES ('S2006-106 ', 'GRZ 6511', '03:15:00', '2020-06-18 00:00:00', '16:30:00', 'Other - Rattle in the front suspension', '2021-06-21 00:00:00');
INSERT INTO SERVICE (service_id, registration, time_spent, dropoff_date, dropoff_time, work_required, next_service) VALUES ('S2006-107 ', 'DCZ 1844', '01:15:00', '2020-06-18 00:00:00', '08:30:00', 'MOT check-up', '2021-06-18 00:00:00');
INSERT INTO SERVICE (service_id, registration, time_spent, dropoff_date, dropoff_time, work_required, next_service) VALUES ('S2006-107 ', 'DCZ 1844', '04:35:00', '2020-06-18 00:00:00', '08:30:00', 'MOT check-up', '2021-06-18 00:00:00');
INSERT INTO SERVICE (service_id, registration, time_spent, dropoff_date, dropoff_time, work_required, next_service) VALUES ('S2006-108 ', 'VIM 8955', '03:35:00', '2020-06-18 00:00:00', '08:00:00', 'MOT check-up', '2021-06-19 00:00:00');
INSERT INTO SERVICE (service_id, registration, time_spent, dropoff_date, dropoff_time, work_required, next_service) VALUES ('S2006-109 ', 'OEZ 1872', '04:25:00', '2020-06-19 00:00:00', '08:30:00', 'Other - Oil leak - looks major', '2021-06-21 00:00:00');
INSERT INTO SERVICE (service_id, registration, time_spent, dropoff_date, dropoff_time, work_required, next_service) VALUES ('S2006-109 ', 'OEZ 1872', '06:20:00', '2020-06-19 00:00:00', '08:30:00', 'Other - Oil leak - looks major', '2021-06-21 00:00:00');
INSERT INTO SERVICE (service_id, registration, time_spent, dropoff_date, dropoff_time, work_required, next_service) VALUES ('S2006-109 ', 'OEZ 1872', '01:15:00', '2020-06-19 00:00:00', '08:30:00', 'Other - Oil leak - looks major', '2021-06-21 00:00:00');
INSERT INTO SERVICE (service_id, registration, time_spent, dropoff_date, dropoff_time, work_required, next_service) VALUES ('S2006-110 ', 'D268 YCF', '02:15:00', '2020-06-19 00:00:00', '08:45:00', 'Other - Loses power going up hills. Can not go over 50 mph', '2021-06-21 00:00:00');
INSERT INTO SERVICE (service_id, registration, time_spent, dropoff_date, dropoff_time, work_required, next_service) VALUES ('S2006-110 ', 'D268 YCF', '10:15:00', '2020-06-19 00:00:00', '08:45:00', 'Other - Loses power going up hills. Can not go over 50 mph', '2021-06-21 00:00:00');
INSERT INTO SERVICE (service_id, registration, time_spent, dropoff_date, dropoff_time, work_required, next_service) VALUES ('S2006-111 ', 'CJ16 WED', '05:00:00', '2020-06-19 00:00:00', '08:30:00', 'Other - Air conditioning not working', '2021-06-19 00:00:00');
INSERT INTO SERVICE (service_id, registration, time_spent, dropoff_date, dropoff_time, work_required, next_service) VALUES ('S2006-112 ', 'W85 TTF', '01:45:00', '2020-06-19 00:00:00', '08:30:00', 'Other - Grinding noise from the brakes and whirring noise from the front.', '2021-06-23 00:00:00');
INSERT INTO SERVICE (service_id, registration, time_spent, dropoff_date, dropoff_time, work_required, next_service) VALUES ('S2006-112 ', 'W85 TTF', '08:05:00', '2020-06-19 00:00:00', '08:30:00', 'Other - Grinding noise from the brakes and whirring noise from the front.', '2021-06-23 00:00:00');
INSERT INTO SERVICE (service_id, registration, time_spent, dropoff_date, dropoff_time, work_required, next_service) VALUES ('S2006-112 ', 'W85 TTF', '06:35:00', '2020-06-19 00:00:00', '08:30:00', 'Other - Grinding noise from the brakes and whirring noise from the front.', '2021-06-23 00:00:00');
INSERT INTO SERVICE (service_id, registration, time_spent, dropoff_date, dropoff_time, work_required, next_service) VALUES ('S2006-113 ', 'LLZ 9362', '03:30:00', '2020-06-19 00:00:00', '08:30:00', 'Annual service', '2021-06-21 00:00:00');
INSERT INTO SERVICE (service_id, registration, time_spent, dropoff_date, dropoff_time, work_required, next_service) VALUES ('S2006-113 ', 'LLZ 9362', '03:55:00', '2020-06-19 00:00:00', '08:30:00', 'Annual service', '2021-06-21 00:00:00');
INSERT INTO SERVICE (service_id, registration, time_spent, dropoff_date, dropoff_time, work_required, next_service) VALUES ('S2006-114 ', 'WVG 673', '03:15:00', '2020-06-20 00:00:00', '16:45:00', 'Other - high pitched whistling noise coming from the front.', '2021-06-21 00:00:00');
INSERT INTO SERVICE (service_id, registration, time_spent, dropoff_date, dropoff_time, work_required, next_service) VALUES ('S2006-114 ', 'WVG 673', '03:20:00', '2020-06-20 00:00:00', '16:45:00', 'Other - high pitched whistling noise coming from the front.', '2021-06-21 00:00:00');
INSERT INTO SERVICE (service_id, registration, time_spent, dropoff_date, dropoff_time, work_required, next_service) VALUES ('S2006-114 ', 'WVG 673', '02:15:00', '2020-06-20 00:00:00', '16:45:00', 'Other - high pitched whistling noise coming from the front.', '2021-06-21 00:00:00');
INSERT INTO SERVICE (service_id, registration, time_spent, dropoff_date, dropoff_time, work_required, next_service) VALUES ('S2006-115 ', 'R99 YRK', '05:35:00', '2020-06-20 00:00:00', '08:30:00', 'Other - Filled with diesel - should have been petrol! Will need collected.', NULL);
INSERT INTO SERVICE (service_id, registration, time_spent, dropoff_date, dropoff_time, work_required, next_service) VALUES ('S2006-116 ', 'T779 OLI', '03:45:00', '2020-06-20 00:00:00', '12:30:00', 'MOT check-up', '2021-06-22 00:00:00');
INSERT INTO SERVICE (service_id, registration, time_spent, dropoff_date, dropoff_time, work_required, next_service) VALUES ('S2006-116 ', 'T779 OLI', '04:15:00', '2020-06-20 00:00:00', '12:30:00', 'MOT check-up', '2021-06-22 00:00:00');
INSERT INTO SERVICE (service_id, registration, time_spent, dropoff_date, dropoff_time, work_required, next_service) VALUES ('S2006-117 ', 'BEZ 8826', '01:15:00', '2020-06-20 00:00:00', '08:15:00', 'Other - Front tyres are wearing away on the inside. Wire is showing.', '2021-06-20 00:00:00');
INSERT INTO SERVICE (service_id, registration, time_spent, dropoff_date, dropoff_time, work_required, next_service) VALUES ('S2006-117 ', 'BEZ 8826', '02:35:00', '2020-06-20 00:00:00', '08:15:00', 'Other - Front tyres are wearing away on the inside. Wire is showing.', '2021-06-20 00:00:00');
INSERT INTO SERVICE (service_id, registration, time_spent, dropoff_date, dropoff_time, work_required, next_service) VALUES ('S2006-118 ', 'G5 T77', '03:20:00', '2020-06-22 00:00:00', '08:30:00', 'Annual service', '2021-06-24 00:00:00');
INSERT INTO SERVICE (service_id, registration, time_spent, dropoff_date, dropoff_time, work_required, next_service) VALUES ('S2006-118 ', 'G5 T77', '00:50:00', '2020-06-22 00:00:00', '08:30:00', 'Annual service', '2021-06-24 00:00:00');
INSERT INTO SERVICE (service_id, registration, time_spent, dropoff_date, dropoff_time, work_required, next_service) VALUES ('S2006-119 ', 'SEZ 5629', '02:35:00', '2020-06-22 00:00:00', '08:30:00', 'Other - Same problem as before - worked for a while, but now not going into first or third gear.', '2021-06-21 00:00:00');
INSERT INTO SERVICE (service_id, registration, time_spent, dropoff_date, dropoff_time, work_required, next_service) VALUES ('S2006-119 ', 'SEZ 5629', '04:40:00', '2020-06-22 00:00:00', '08:30:00', 'Other - Same problem as before - worked for a while, but now not going into first or third gear.', '2021-06-21 00:00:00');
INSERT INTO SERVICE (service_id, registration, time_spent, dropoff_date, dropoff_time, work_required, next_service) VALUES ('S2006-120 ', 'STR 9378', '03:30:00', '2020-06-22 00:00:00', '10:30:00', 'MOT check-up', '2021-06-22 00:00:00');
INSERT INTO SERVICE (service_id, registration, time_spent, dropoff_date, dropoff_time, work_required, next_service) VALUES ('S2006-120 ', 'STR 9378', '02:50:00', '2020-06-22 00:00:00', '10:30:00', 'MOT check-up', '2021-06-22 00:00:00');
INSERT INTO SERVICE (service_id, registration, time_spent, dropoff_date, dropoff_time, work_required, next_service) VALUES ('S2006-121 ', 'F6 Y886', NULL, '2020-06-23 00:00:00', '08:30:00', 'Annual service', '2021-06-25 00:00:00');
INSERT INTO SERVICE (service_id, registration, time_spent, dropoff_date, dropoff_time, work_required, next_service) VALUES ('S2006-122 ', 'YR3 67', NULL, '2020-06-23 00:00:00', '09:00:00', 'Annual service', '2021-06-25 00:00:00');
INSERT INTO SERVICE (service_id, registration, time_spent, dropoff_date, dropoff_time, work_required, next_service) VALUES ('S2006-123 ', 'DYR 87', NULL, '2020-06-23 00:00:00', '16:15:00', 'MOT check-up', '2021-06-23 00:00:00');
INSERT INTO SERVICE (service_id, registration, time_spent, dropoff_date, dropoff_time, work_required, next_service) VALUES ('S2006-124 ', 'SWT 9930', NULL, '2020-06-23 00:00:00', '08:30:00', 'Annual service', '2021-06-24 00:00:00');
INSERT INTO SERVICE (service_id, registration, time_spent, dropoff_date, dropoff_time, work_required, next_service) VALUES ('S2006-125 ', 'D89 Y6', NULL, '2020-06-24 00:00:00', '12:15:00', 'MOT check-up', NULL);
INSERT INTO SERVICE (service_id, registration, time_spent, dropoff_date, dropoff_time, work_required, next_service) VALUES ('S2006-126 ', 'Y4 T87', NULL, '2020-06-24 00:00:00', '08:15:00', 'Other - front suspension has collapsed.', NULL);
INSERT INTO SERVICE (service_id, registration, time_spent, dropoff_date, dropoff_time, work_required, next_service) VALUES ('S2006-127 ', 'JEZ 7719', NULL, '2020-06-24 00:00:00', '08:30:00', 'MOT check-up', '2021-06-24 00:00:00');
INSERT INTO SERVICE (service_id, registration, time_spent, dropoff_date, dropoff_time, work_required, next_service) VALUES ('S2006-128 ', 'MEW 783', NULL, '2020-06-24 00:00:00', '08:00:00', 'Other - Power steering not working. Very hard to turn the steering wheel.', '2020-12-09 00:00:00');
INSERT INTO SERVICE (service_id, registration, time_spent, dropoff_date, dropoff_time, work_required, next_service) VALUES ('S2006-129 ', 'JEA 991', NULL, '2020-06-24 00:00:00', '14:30:00', 'Annual service', '2020-06-25 00:00:00');
INSERT INTO SERVICE (service_id, registration, time_spent, dropoff_date, dropoff_time, work_required, next_service) VALUES ('S2006-130 ', 'B56 Y34', NULL, '2020-06-24 00:00:00', '08:00:00', 'Annual service', '2020-06-13 00:00:00');
INSERT INTO SERVICE (service_id, registration, time_spent, dropoff_date, dropoff_time, work_required, next_service) VALUES ('S2006-131 ', 'FET 6821', NULL, '2020-06-25 00:00:00', '07:45:00', 'Annual service', '2020-06-30 00:00:00');
INSERT INTO SERVICE (service_id, registration, time_spent, dropoff_date, dropoff_time, work_required, next_service) VALUES ('S2006-132 ', 'B82 T56', NULL, '2020-06-25 00:00:00', '08:15:00', 'Other - none of the lights are working', NULL);
INSERT INTO SERVICE (service_id, registration, time_spent, dropoff_date, dropoff_time, work_required, next_service) VALUES ('S2006-133 ', 'CEZ 563', NULL, '2020-06-25 00:00:00', '16:30:00', 'MOT check-up', '2021-06-25 00:00:00');
INSERT INTO SERVICE (service_id, registration, time_spent, dropoff_date, dropoff_time, work_required, next_service) VALUES ('S2006-134 ', 'AF56 WWJ', NULL, '2020-06-25 00:00:00', '08:30:00', 'Other - Car not starting', '2021-06-20 00:00:00');
INSERT INTO SERVICE (service_id, registration, time_spent, dropoff_date, dropoff_time, work_required, next_service) VALUES ('S2006-135 ', 'SEZ 5629', NULL, '2020-06-25 00:00:00', '14:30:00', 'Other - Now there are grinding sounds from gearbox!!!', '2021-06-21 00:00:00');

-- Insert queries for EMPLOYEE_SERVICE table
INSERT INTO EMPLOYEE_SERVICE (employee_id, service_id) VALUES ('E9274', 'S2006-101 ');
INSERT INTO EMPLOYEE_SERVICE (employee_id, service_id) VALUES ('E1037', 'S2006-101 ');
INSERT INTO EMPLOYEE_SERVICE (employee_id, service_id) VALUES ('E7291', 'S2006-102 ');
INSERT INTO EMPLOYEE_SERVICE (employee_id, service_id) VALUES ('E4470', 'S2006-102 ');
INSERT INTO EMPLOYEE_SERVICE (employee_id, service_id) VALUES ('E2045', 'S2006-103 ');
INSERT INTO EMPLOYEE_SERVICE (employee_id, service_id) VALUES ('E1037', 'S2006-103 ');
INSERT INTO EMPLOYEE_SERVICE (employee_id, service_id) VALUES ('E0392', 'S2006-103 ');
INSERT INTO EMPLOYEE_SERVICE (employee_id, service_id) VALUES ('E9274', 'S2006-104 ');
INSERT INTO EMPLOYEE_SERVICE (employee_id, service_id) VALUES ('E4470', 'S2006-104 ');
INSERT INTO EMPLOYEE_SERVICE (employee_id, service_id) VALUES ('E1037', 'S2006-104 ');
INSERT INTO EMPLOYEE_SERVICE (employee_id, service_id) VALUES ('E2045', 'S2006-105 ');
INSERT INTO EMPLOYEE_SERVICE (employee_id, service_id) VALUES ('E0392', 'S2006-105 ');
INSERT INTO EMPLOYEE_SERVICE (employee_id, service_id) VALUES ('E9274', 'S2006-106 ');
INSERT INTO EMPLOYEE_SERVICE (employee_id, service_id) VALUES ('E1037', 'S2006-106 ');
INSERT INTO EMPLOYEE_SERVICE (employee_id, service_id) VALUES ('E9274', 'S2006-107 ');
INSERT INTO EMPLOYEE_SERVICE (employee_id, service_id) VALUES ('E1037', 'S2006-107 ');
INSERT INTO EMPLOYEE_SERVICE (employee_id, service_id) VALUES ('E2648', 'S2006-108 ');
INSERT INTO EMPLOYEE_SERVICE (employee_id, service_id) VALUES ('E4470', 'S2006-108 ');
INSERT INTO EMPLOYEE_SERVICE (employee_id, service_id) VALUES ('E7291', 'S2006-109 ');
INSERT INTO EMPLOYEE_SERVICE (employee_id, service_id) VALUES ('E0392', 'S2006-109 ');
INSERT INTO EMPLOYEE_SERVICE (employee_id, service_id) VALUES ('E1037', 'S2006-109 ');
INSERT INTO EMPLOYEE_SERVICE (employee_id, service_id) VALUES ('E2648', 'S2006-110 ');
INSERT INTO EMPLOYEE_SERVICE (employee_id, service_id) VALUES ('E0392', 'S2006-110 ');
INSERT INTO EMPLOYEE_SERVICE (employee_id, service_id) VALUES ('E1037', 'S2006-110 ');
INSERT INTO EMPLOYEE_SERVICE (employee_id, service_id) VALUES ('E2045', 'S2006-111 ');
INSERT INTO EMPLOYEE_SERVICE (employee_id, service_id) VALUES ('E2045', 'S2006-112 ');
INSERT INTO EMPLOYEE_SERVICE (employee_id, service_id) VALUES ('E4470', 'S2006-112 ');
INSERT INTO EMPLOYEE_SERVICE (employee_id, service_id) VALUES ('E0392', 'S2006-112 ');
INSERT INTO EMPLOYEE_SERVICE (employee_id, service_id) VALUES ('E7291', 'S2006-113 ');
INSERT INTO EMPLOYEE_SERVICE (employee_id, service_id) VALUES ('E4470', 'S2006-113 ');
INSERT INTO EMPLOYEE_SERVICE (employee_id, service_id) VALUES ('E7291', 'S2006-114 ');
INSERT INTO EMPLOYEE_SERVICE (employee_id, service_id) VALUES ('E4470', 'S2006-114 ');
INSERT INTO EMPLOYEE_SERVICE (employee_id, service_id) VALUES ('E1037', 'S2006-114 ');
INSERT INTO EMPLOYEE_SERVICE (employee_id, service_id) VALUES ('E9274', 'S2006-115 ');
INSERT INTO EMPLOYEE_SERVICE (employee_id, service_id) VALUES ('E1037', 'S2006-115 ');
INSERT INTO EMPLOYEE_SERVICE (employee_id, service_id) VALUES ('E2045', 'S2006-116 ');
INSERT INTO EMPLOYEE_SERVICE (employee_id, service_id) VALUES ('E1037', 'S2006-116 ');
INSERT INTO EMPLOYEE_SERVICE (employee_id, service_id) VALUES ('E7291', 'S2006-117 ');
INSERT INTO EMPLOYEE_SERVICE (employee_id, service_id) VALUES ('E4470', 'S2006-117 ');
INSERT INTO EMPLOYEE_SERVICE (employee_id, service_id) VALUES ('E9274', 'S2006-118 ');
INSERT INTO EMPLOYEE_SERVICE (employee_id, service_id) VALUES ('E0392', 'S2006-118 ');
INSERT INTO EMPLOYEE_SERVICE (employee_id, service_id) VALUES ('E9274', 'S2006-119 ');
INSERT INTO EMPLOYEE_SERVICE (employee_id, service_id) VALUES ('E1037', 'S2006-119 ');
INSERT INTO EMPLOYEE_SERVICE (employee_id, service_id) VALUES ('E2648', 'S2006-120 ');
INSERT INTO EMPLOYEE_SERVICE (employee_id, service_id) VALUES ('E4470', 'S2006-120 ');
INSERT INTO EMPLOYEE_SERVICE (employee_id, service_id) VALUES ('E2045', 'S2006-121 ');
INSERT INTO EMPLOYEE_SERVICE (employee_id, service_id) VALUES ('E7291', 'S2006-122 ');
INSERT INTO EMPLOYEE_SERVICE (employee_id, service_id) VALUES ('E2648', 'S2006-123 ');
INSERT INTO EMPLOYEE_SERVICE (employee_id, service_id) VALUES ('E9274', 'S2006-124 ');
INSERT INTO EMPLOYEE_SERVICE (employee_id, service_id) VALUES ('E2648', 'S2006-125 ');
INSERT INTO EMPLOYEE_SERVICE (employee_id, service_id) VALUES (NULL, 'S2006-126 ');
INSERT INTO EMPLOYEE_SERVICE (employee_id, service_id) VALUES ('E7291', 'S2006-127 ');
INSERT INTO EMPLOYEE_SERVICE (employee_id, service_id) VALUES (NULL, 'S2006-128 ');
INSERT INTO EMPLOYEE_SERVICE (employee_id, service_id) VALUES ('E2045', 'S2006-129 ');
INSERT INTO EMPLOYEE_SERVICE (employee_id, service_id) VALUES ('E9274', 'S2006-130 ');
INSERT INTO EMPLOYEE_SERVICE (employee_id, service_id) VALUES ('E2648', 'S2006-131 ');
INSERT INTO EMPLOYEE_SERVICE (employee_id, service_id) VALUES (NULL, 'S2006-132 ');
INSERT INTO EMPLOYEE_SERVICE (employee_id, service_id) VALUES ('E7291', 'S2006-133 ');
INSERT INTO EMPLOYEE_SERVICE (employee_id, service_id) VALUES (NULL, 'S2006-134 ');
INSERT INTO EMPLOYEE_SERVICE (employee_id, service_id) VALUES (NULL, 'S2006-135 ');